[
  {
    "image_path": "/Users/zhangjingchun/.cache/kagglehub/datasets/adityamahimkar/iqothnccd-lung-cancer-dataset/versions/2/The IQ-OTHNCCD lung cancer dataset/The IQ-OTHNCCD lung cancer dataset/Normal cases/Normal case (1).jpg",
    "image_name": "Normal case (1).jpg",
    "width": 512,
    "height": 512,
    "detections": [
      {
        "label": "lung cancer",
        "score": 0.0124,
        "box": [
          139.02,
          168.26,
          385.09,
          341.43
        ]
      },
      {
        "label": "tumor",
        "score": 0.0101,
        "box": [
          42.78,
          118.58,
          479.04,
          386.0
        ]
      },
      {
        "label": "lung cancer",
        "score": 0.0129,
        "box": [
          225.35,
          287.48,
          299.7,
          341.33
        ]
      },
      {
        "label": "lung cancer",
        "score": 0.0342,
        "box": [
          28.77,
          109.1,
          490.57,
          398.5
        ]
      },
      {
        "label": "lung cancer",
        "score": 0.013,
        "box": [
          16.75,
          109.7,
          502.38,
          465.08
        ]
      },
      {
        "label": "lung cancer",
        "score": 0.0113,
        "box": [
          7.09,
          350.79,
          508.88,
          465.42
        ]
      },
      {
        "label": "lung cancer",
        "score": 0.03,
        "box": [
          5.11,
          2.17,
          515.57,
          512.07
        ]
      }
    ]
  },
  {
    "image_path": "/Users/zhangjingchun/.cache/kagglehub/datasets/adityamahimkar/iqothnccd-lung-cancer-dataset/versions/2/The IQ-OTHNCCD lung cancer dataset/The IQ-OTHNCCD lung cancer dataset/Normal cases/Normal case (10).jpg",
    "image_name": "Normal case (10).jpg",
    "width": 512,
    "height": 512,
    "detections": [
      {
        "label": "lung cancer",
        "score": 0.0133,
        "box": [
          207.0,
          149.8,
          359.07,
          329.4
        ]
      },
      {
        "label": "lung cancer",
        "score": 0.0128,
        "box": [
          114.55,
          147.99,
          418.57,
          358.88
        ]
      },
      {
        "label": "lung cancer",
        "score": 0.0115,
        "box": [
          63.13,
          115.7,
          456.12,
          386.73
        ]
      },
      {
        "label": "lung cancer",
        "score": 0.0187,
        "box": [
          7.02,
          2.77,
          516.81,
          511.28
        ]
      }
    ]
  },
  {
    "image_path": "/Users/zhangjingchun/.cache/kagglehub/datasets/adityamahimkar/iqothnccd-lung-cancer-dataset/versions/2/The IQ-OTHNCCD lung cancer dataset/The IQ-OTHNCCD lung cancer dataset/Normal cases/Normal case (100).jpg",
    "image_name": "Normal case (100).jpg",
    "width": 512,
    "height": 512,
    "detections": [
      {
        "label": "lung cancer",
        "score": 0.0181,
        "box": [
          109.25,
          101.97,
          380.84,
          303.72
        ]
      },
      {
        "label": "tumor",
        "score": 0.0105,
        "box": [
          262.44,
          196.04,
          367.11,
          293.78
        ]
      },
      {
        "label": "lung cancer",
        "score": 0.0177,
        "box": [
          63.17,
          79.11,
          420.74,
          346.44
        ]
      },
      {
        "label": "lung cancer",
        "score": 0.0143,
        "box": [
          4.18,
          305.88,
          478.76,
          407.59
        ]
      },
      {
        "label": "lung cancer",
        "score": 0.0109,
        "box": [
          1.47,
          -2.83,
          510.98,
          506.63
        ]
      }
    ]
  },
  {
    "image_path": "/Users/zhangjingchun/.cache/kagglehub/datasets/adityamahimkar/iqothnccd-lung-cancer-dataset/versions/2/The IQ-OTHNCCD lung cancer dataset/The IQ-OTHNCCD lung cancer dataset/Normal cases/Normal case (101).jpg",
    "image_name": "Normal case (101).jpg",
    "width": 512,
    "height": 512,
    "detections": [
      {
        "label": "lung cancer",
        "score": 0.0135,
        "box": [
          147.15,
          159.55,
          339.8,
          286.79
        ]
      },
      {
        "label": "tumor",
        "score": 0.0151,
        "box": [
          232.69,
          197.08,
          252.52,
          220.0
        ]
      },
      {
        "label": "tumor",
        "score": 0.0285,
        "box": [
          152.52,
          170.58,
          234.9,
          265.37
        ]
      },
      {
        "label": "tumor",
        "score": 0.0342,
        "box": [
          261.48,
          165.48,
          346.25,
          260.01
        ]
      },
      {
        "label": "tumor",
        "score": 0.0414,
        "box": [
          33.86,
          105.91,
          462.7,
          340.29
        ]
      },
      {
        "label": "tumor",
        "score": 0.0199,
        "box": [
          33.42,
          115.87,
          456.58,
          343.51
        ]
      },
      {
        "label": "lung cancer",
        "score": 0.0167,
        "box": [
          7.91,
          309.06,
          486.7,
          409.52
        ]
      },
      {
        "label": "lung cancer",
        "score": 0.0278,
        "box": [
          -0.61,
          -1.93,
          509.11,
          507.5
        ]
      }
    ]
  },
  {
    "image_path": "/Users/zhangjingchun/.cache/kagglehub/datasets/adityamahimkar/iqothnccd-lung-cancer-dataset/versions/2/The IQ-OTHNCCD lung cancer dataset/The IQ-OTHNCCD lung cancer dataset/Normal cases/Normal case (102).jpg",
    "image_name": "Normal case (102).jpg",
    "width": 512,
    "height": 512,
    "detections": [
      {
        "label": "tumor",
        "score": 0.0173,
        "box": [
          153.63,
          160.49,
          354.27,
          280.16
        ]
      },
      {
        "label": "tumor",
        "score": 0.0251,
        "box": [
          232.1,
          200.93,
          252.02,
          221.65
        ]
      },
      {
        "label": "tumor",
        "score": 0.0307,
        "box": [
          263.33,
          162.51,
          346.77,
          262.93
        ]
      },
      {
        "label": "tumor",
        "score": 0.0279,
        "box": [
          149.77,
          165.4,
          234.82,
          266.11
        ]
      },
      {
        "label": "tumor",
        "score": 0.0102,
        "box": [
          37.7,
          111.03,
          443.89,
          336.99
        ]
      },
      {
        "label": "tumor",
        "score": 0.0447,
        "box": [
          33.55,
          112.58,
          454.29,
          344.28
        ]
      },
      {
        "label": "lung cancer",
        "score": 0.013,
        "box": [
          11.06,
          303.69,
          482.41,
          410.07
        ]
      },
      {
        "label": "lung cancer",
        "score": 0.0248,
        "box": [
          1.48,
          -3.97,
          510.68,
          504.36
        ]
      },
      {
        "label": "lung cancer",
        "score": 0.0107,
        "box": [
          -0.43,
          -2.32,
          509.17,
          507.41
        ]
      }
    ]
  }
]