[
  {
    "image_path": "/Users/zhangjingchun/.cache/kagglehub/datasets/adityamahimkar/iqothnccd-lung-cancer-dataset/versions/2/The IQ-OTHNCCD lung cancer dataset/The IQ-OTHNCCD lung cancer dataset/Bengin cases/Bengin case (1).jpg",
    "image_name": "Bengin case (1).jpg",
    "width": 512,
    "height": 512,
    "detections": [
      {
        "label": "lung nodule",
        "score": 0.0502,
        "box": [
          140.11,
          114.42,
          393.76,
          339.85
        ]
      },
      {
        "label": "lung nodule",
        "score": 0.019,
        "box": [
          149.76,
          127.09,
          387.82,
          336.88
        ]
      },
      {
        "label": "lung nodule",
        "score": 0.0313,
        "box": [
          58.82,
          85.97,
          470.91,
          368.93
        ]
      },
      {
        "label": "benign tumor",
        "score": 0.0151,
        "box": [
          71.01,
          91.13,
          474.65,
          372.49
        ]
      },
      {
        "label": "benign tumor",
        "score": 0.012,
        "box": [
          2.78,
          1.85,
          512.87,
          510.79
        ]
      }
    ]
  },
  {
    "image_path": "/Users/zhangjingchun/.cache/kagglehub/datasets/adityamahimkar/iqothnccd-lung-cancer-dataset/versions/2/The IQ-OTHNCCD lung cancer dataset/The IQ-OTHNCCD lung cancer dataset/Bengin cases/Bengin case (10).jpg",
    "image_name": "Bengin case (10).jpg",
    "width": 512,
    "height": 512,
    "detections": [
      {
        "label": "lung nodule",
        "score": 0.0118,
        "box": [
          215.92,
          142.58,
          347.18,
          284.93
        ]
      },
      {
        "label": "lung nodule",
        "score": 0.0312,
        "box": [
          213.55,
          140.54,
          350.36,
          329.78
        ]
      },
      {
        "label": "lung nodule",
        "score": 0.0366,
        "box": [
          116.16,
          126.84,
          400.65,
          366.47
        ]
      },
      {
        "label": "lung nodule",
        "score": 0.0123,
        "box": [
          215.07,
          288.68,
          298.24,
          365.58
        ]
      },
      {
        "label": "lung nodule",
        "score": 0.0191,
        "box": [
          67.02,
          96.04,
          448.36,
          394.35
        ]
      },
      {
        "label": "benign tumor",
        "score": 0.0102,
        "box": [
          6.12,
          0.29,
          515.77,
          509.92
        ]
      }
    ]
  },
  {
    "image_path": "/Users/zhangjingchun/.cache/kagglehub/datasets/adityamahimkar/iqothnccd-lung-cancer-dataset/versions/2/The IQ-OTHNCCD lung cancer dataset/The IQ-OTHNCCD lung cancer dataset/Bengin cases/Bengin case (100).jpg",
    "image_name": "Bengin case (100).jpg",
    "width": 512,
    "height": 512,
    "detections": [
      {
        "label": "lung nodule",
        "score": 0.0338,
        "box": [
          147.92,
          167.6,
          406.66,
          358.81
        ]
      },
      {
        "label": "lung nodule",
        "score": 0.0146,
        "box": [
          289.44,
          171.67,
          397.11,
          342.39
        ]
      },
      {
        "label": "lung nodule",
        "score": 0.019,
        "box": [
          147.91,
          182.07,
          264.85,
          348.67
        ]
      },
      {
        "label": "lung nodule",
        "score": 0.0185,
        "box": [
          144.12,
          159.22,
          411.75,
          377.62
        ]
      },
      {
        "label": "lung nodule",
        "score": 0.0465,
        "box": [
          26.17,
          113.19,
          500.18,
          416.97
        ]
      },
      {
        "label": "benign tumor",
        "score": 0.0147,
        "box": [
          40.61,
          113.87,
          499.99,
          476.16
        ]
      },
      {
        "label": "benign tumor",
        "score": 0.0171,
        "box": [
          7.72,
          2.16,
          514.88,
          511.33
        ]
      }
    ]
  },
  {
    "image_path": "/Users/zhangjingchun/.cache/kagglehub/datasets/adityamahimkar/iqothnccd-lung-cancer-dataset/versions/2/The IQ-OTHNCCD lung cancer dataset/The IQ-OTHNCCD lung cancer dataset/Bengin cases/Bengin case (101).jpg",
    "image_name": "Bengin case (101).jpg",
    "width": 512,
    "height": 512,
    "detections": [
      {
        "label": "lung nodule",
        "score": 0.0151,
        "box": [
          107.54,
          130.18,
          229.52,
          364.49
        ]
      },
      {
        "label": "lung nodule",
        "score": 0.011,
        "box": [
          121.2,
          131.04,
          384.85,
          375.2
        ]
      },
      {
        "label": "benign tumor",
        "score": 0.0181,
        "box": [
          121.75,
          242.98,
          230.42,
          363.09
        ]
      },
      {
        "label": "lung nodule",
        "score": 0.0313,
        "box": [
          107.5,
          135.21,
          398.25,
          371.6
        ]
      },
      {
        "label": "lung nodule",
        "score": 0.0126,
        "box": [
          288.44,
          193.33,
          401.37,
          370.65
        ]
      },
      {
        "label": "lung nodule",
        "score": 0.0304,
        "box": [
          33.57,
          89.49,
          464.0,
          420.67
        ]
      },
      {
        "label": "benign tumor",
        "score": 0.017,
        "box": [
          1.14,
          -1.64,
          511.91,
          507.91
        ]
      }
    ]
  },
  {
    "image_path": "/Users/zhangjingchun/.cache/kagglehub/datasets/adityamahimkar/iqothnccd-lung-cancer-dataset/versions/2/The IQ-OTHNCCD lung cancer dataset/The IQ-OTHNCCD lung cancer dataset/Bengin cases/Bengin case (102).jpg",
    "image_name": "Bengin case (102).jpg",
    "width": 512,
    "height": 512,
    "detections": [
      {
        "label": "lung nodule",
        "score": 0.0272,
        "box": [
          111.82,
          145.47,
          401.62,
          379.27
        ]
      },
      {
        "label": "lung nodule",
        "score": 0.0112,
        "box": [
          189.97,
          136.1,
          379.43,
          374.75
        ]
      },
      {
        "label": "lung nodule",
        "score": 0.0157,
        "box": [
          154.87,
          134.26,
          389.45,
          381.98
        ]
      },
      {
        "label": "lung nodule",
        "score": 0.0113,
        "box": [
          110.47,
          144.56,
          227.35,
          361.03
        ]
      },
      {
        "label": "lung nodule",
        "score": 0.0131,
        "box": [
          280.48,
          156.75,
          398.41,
          366.96
        ]
      },
      {
        "label": "lung nodule",
        "score": 0.0173,
        "box": [
          99.33,
          122.08,
          420.79,
          400.82
        ]
      },
      {
        "label": "benign tumor",
        "score": 0.0111,
        "box": [
          40.8,
          106.49,
          475.01,
          416.42
        ]
      },
      {
        "label": "lung nodule",
        "score": 0.039,
        "box": [
          27.25,
          99.54,
          484.31,
          425.6
        ]
      },
      {
        "label": "benign tumor",
        "score": 0.0117,
        "box": [
          1.31,
          -2.09,
          511.84,
          507.28
        ]
      }
    ]
  }
]