[
  {
    "image_path": "/Users/zhangjingchun/.cache/kagglehub/datasets/adityamahimkar/iqothnccd-lung-cancer-dataset/versions/2/The IQ-OTHNCCD lung cancer dataset/The IQ-OTHNCCD lung cancer dataset/Malignant cases/Malignant case (1).jpg",
    "image_name": "Malignant case (1).jpg",
    "width": 512,
    "height": 512,
    "detections": [
      {
        "label": "tumor",
        "score": 0.011,
        "box": [
          76.74,
          94.51,
          431.18,
          382.62
        ]
      },
      {
        "label": "lung cancer",
        "score": 0.0166,
        "box": [
          112.62,
          121.83,
          387.54,
          353.48
        ]
      },
      {
        "label": "lung cancer",
        "score": 0.0127,
        "box": [
          187.18,
          134.35,
          376.43,
          341.46
        ]
      }
    ]
  },
  {
    "image_path": "/Users/zhangjingchun/.cache/kagglehub/datasets/adityamahimkar/iqothnccd-lung-cancer-dataset/versions/2/The IQ-OTHNCCD lung cancer dataset/The IQ-OTHNCCD lung cancer dataset/Malignant cases/Malignant case (10).jpg",
    "image_name": "Malignant case (10).jpg",
    "width": 512,
    "height": 512,
    "detections": [
      {
        "label": "lung cancer",
        "score": 0.0159,
        "box": [
          93.34,
          112.98,
          424.47,
          384.33
        ]
      },
      {
        "label": "lung cancer",
        "score": 0.0123,
        "box": [
          21.76,
          65.73,
          510.71,
          422.15
        ]
      }
    ]
  },
  {
    "image_path": "/Users/zhangjingchun/.cache/kagglehub/datasets/adityamahimkar/iqothnccd-lung-cancer-dataset/versions/2/The IQ-OTHNCCD lung cancer dataset/The IQ-OTHNCCD lung cancer dataset/Malignant cases/Malignant case (100).jpg",
    "image_name": "Malignant case (100).jpg",
    "width": 512,
    "height": 512,
    "detections": [
      {
        "label": "lung cancer",
        "score": 0.0254,
        "box": [
          127.54,
          138.89,
          387.72,
          354.89
        ]
      },
      {
        "label": "lung cancer",
        "score": 0.0104,
        "box": [
          172.42,
          147.86,
          369.85,
          348.52
        ]
      },
      {
        "label": "tumor",
        "score": 0.0137,
        "box": [
          282.31,
          233.8,
          361.76,
          338.04
        ]
      },
      {
        "label": "lung cancer",
        "score": 0.0112,
        "box": [
          223.26,
          280.9,
          278.95,
          343.22
        ]
      },
      {
        "label": "lung cancer",
        "score": 0.0134,
        "box": [
          39.82,
          107.51,
          479.75,
          392.68
        ]
      }
    ]
  },
  {
    "image_path": "/Users/zhangjingchun/.cache/kagglehub/datasets/adityamahimkar/iqothnccd-lung-cancer-dataset/versions/2/The IQ-OTHNCCD lung cancer dataset/The IQ-OTHNCCD lung cancer dataset/Malignant cases/Malignant case (101).jpg",
    "image_name": "Malignant case (101).jpg",
    "width": 512,
    "height": 512,
    "detections": [
      {
        "label": "lung cancer",
        "score": 0.015,
        "box": [
          138.29,
          146.3,
          371.4,
          347.31
        ]
      },
      {
        "label": "tumor",
        "score": 0.0107,
        "box": [
          233.17,
          283.33,
          272.1,
          321.49
        ]
      },
      {
        "label": "lung cancer",
        "score": 0.0138,
        "box": [
          37.08,
          113.55,
          471.77,
          396.52
        ]
      }
    ]
  },
  {
    "image_path": "/Users/zhangjingchun/.cache/kagglehub/datasets/adityamahimkar/iqothnccd-lung-cancer-dataset/versions/2/The IQ-OTHNCCD lung cancer dataset/The IQ-OTHNCCD lung cancer dataset/Malignant cases/Malignant case (102).jpg",
    "image_name": "Malignant case (102).jpg",
    "width": 512,
    "height": 512,
    "detections": [
      {
        "label": "lung cancer",
        "score": 0.0186,
        "box": [
          136.72,
          146.0,
          375.16,
          348.13
        ]
      },
      {
        "label": "lung cancer",
        "score": 0.0142,
        "box": [
          184.48,
          144.49,
          380.37,
          346.71
        ]
      },
      {
        "label": "lung cancer",
        "score": 0.016,
        "box": [
          38.43,
          114.17,
          470.83,
          395.52
        ]
      }
    ]
  }
]